[
  {
    "model": "theatre.genre",
    "pk": 1,
    "fields": {
      "name": "Drama"
    }
  },
  {
    "model": "theatre.genre",
    "pk": 2,
    "fields": {
      "name": "Comedy"
    }
  },
  {
    "model": "theatre.genre",
    "pk": 3,
    "fields": {
      "name": "Tragedy"
    }
  },
  {
    "model": "theatre.genre",
    "pk": 4,
    "fields": {
      "name": "Musical"
    }
  },
  {
    "model": "theatre.genre",
    "pk": 5,
    "fields": {
      "name": "Mystery"
    }
  },
  {
    "model": "theatre.actor",
    "pk": 1,
    "fields": {
      "first_name": "Emma",
      "last_name": "Cole"
    }
  },
  {
    "model": "theatre.actor",
    "pk": 2,
    "fields": {
      "first_name": "Liam",
      "last_name": "Price"
    }
  },
  {
    "model": "theatre.actor",
    "pk": 3,
    "fields": {
      "first_name": "Sofia",
      "last_name": "Reed"
    }
  },
  {
    "model": "theatre.actor",
    "pk": 4,
    "fields": {
      "first_name": "Noah",
      "last_name": "Bennett"
    }
  },
  {
    "model": "theatre.actor",
    "pk": 5,
    "fields": {
      "first_name": "Mia",
      "last_name": "Hayes"
    }
  },
  {
    "model": "theatre.actor",
    "pk": 6,
    "fields": {
      "first_name": "Ethan",
      "last_name": "Brooks"
    }
  },
  {
    "model": "theatre.actor",
    "pk": 7,
    "fields": {
      "first_name": "Ava",
      "last_name": "Turner"
    }
  },
  {
    "model": "theatre.actor",
    "pk": 8,
    "fields": {
      "first_name": "Lucas",
      "last_name": "Ward"
    }
  },
  {
    "model": "theatre.actor",
    "pk": 9,
    "fields": {
      "first_name": "Isla",
      "last_name": "Foster"
    }
  },
  {
    "model": "theatre.actor",
    "pk": 10,
    "fields": {
      "first_name": "Oliver",
      "last_name": "Gray"
    }
  },
  {
    "model": "theatre.theaterhall",
    "pk": 1,
    "fields": {
      "name": "Main Stage",
      "rows": 12,
      "seats_in_row": 14
    }
  },
  {
    "model": "theatre.theaterhall",
    "pk": 2,
    "fields": {
      "name": "Blue Hall",
      "rows": 10,
      "seats_in_row": 12
    }
  },
  {
    "model": "theatre.theaterhall",
    "pk": 3,
    "fields": {
      "name": "Chamber Scene",
      "rows": 8,
      "seats_in_row": 10
    }
  },
  {
    "model": "theatre.theaterhall",
    "pk": 4,
    "fields": {
      "name": "Grand Balcony",
      "rows": 15,
      "seats_in_row": 16
    }
  },
  {
    "model": "theatre.play",
    "pk": 1,
    "fields": {
      "title": "Midnight Balcony",
      "description": "A mystery drama about two strangers who uncover a family secret during a stormy premiere night.",
      "image": null,
      "genres": [1, 5],
      "actors": [1, 2, 3]
    }
  },
  {
    "model": "theatre.play",
    "pk": 2,
    "fields": {
      "title": "Laughing in Rain",
      "description": "A fast-paced romantic comedy where a washed-up host tries to save a failing local theater.",
      "image": null,
      "genres": [2],
      "actors": [4, 5, 6]
    }
  },
  {
    "model": "theatre.play",
    "pk": 3,
    "fields": {
      "title": "Ashes of Winter",
      "description": "A tragic story of loyalty and sacrifice set in a remote mountain town.",
      "image": null,
      "genres": [1, 3],
      "actors": [2, 7, 8]
    }
  },
  {
    "model": "theatre.play",
    "pk": 4,
    "fields": {
      "title": "Neon Encore",
      "description": "A bright musical about a struggling band that finds a second chance on stage.",
      "image": null,
      "genres": [2, 4],
      "actors": [1, 6, 9]
    }
  },
  {
    "model": "theatre.play",
    "pk": 5,
    "fields": {
      "title": "The Last Letter",
      "description": "A chamber drama centered on a letter that changes the fate of three generations.",
      "image": null,
      "genres": [1],
      "actors": [3, 5, 10]
    }
  },
  {
    "model": "theatre.play",
    "pk": 6,
    "fields": {
      "title": "Curtain of Smoke",
      "description": "A noir-inspired mystery where actors become suspects after an opening night disappearance.",
      "image": null,
      "genres": [1, 5],
      "actors": [4, 7, 9]
    }
  },
  {
    "model": "theatre.play",
    "pk": 7,
    "fields": {
      "title": "Saturday Rehearsal",
      "description": "A backstage comedy about egos, improvisation, and a director losing control.",
      "image": null,
      "genres": [2],
      "actors": [2, 8, 10]
    }
  },
  {
    "model": "theatre.play",
    "pk": 8,
    "fields": {
      "title": "Velvet Horizon",
      "description": "A dramatic musical journey following a troupe crossing the country for one final show.",
      "image": null,
      "genres": [1, 4],
      "actors": [1, 5, 7]
    }
  },
  {
    "model": "theatre.performance",
    "pk": 1,
    "fields": {
      "show_time": "2026-05-01T19:00:00Z",
      "play": 1,
      "theater_hall": 1
    }
  },
  {
    "model": "theatre.performance",
    "pk": 2,
    "fields": {
      "show_time": "2026-05-02T18:30:00Z",
      "play": 2,
      "theater_hall": 2
    }
  },
  {
    "model": "theatre.performance",
    "pk": 3,
    "fields": {
      "show_time": "2026-05-03T20:00:00Z",
      "play": 3,
      "theater_hall": 1
    }
  },
  {
    "model": "theatre.performance",
    "pk": 4,
    "fields": {
      "show_time": "2026-05-04T19:30:00Z",
      "play": 4,
      "theater_hall": 4
    }
  },
  {
    "model": "theatre.performance",
    "pk": 5,
    "fields": {
      "show_time": "2026-05-05T18:00:00Z",
      "play": 5,
      "theater_hall": 3
    }
  },
  {
    "model": "theatre.performance",
    "pk": 6,
    "fields": {
      "show_time": "2026-05-06T20:30:00Z",
      "play": 6,
      "theater_hall": 2
    }
  },
  {
    "model": "theatre.performance",
    "pk": 7,
    "fields": {
      "show_time": "2026-05-07T19:00:00Z",
      "play": 7,
      "theater_hall": 3
    }
  },
  {
    "model": "theatre.performance",
    "pk": 8,
    "fields": {
      "show_time": "2026-05-08T18:30:00Z",
      "play": 8,
      "theater_hall": 4
    }
  },
  {
    "model": "theatre.performance",
    "pk": 9,
    "fields": {
      "show_time": "2026-05-09T17:00:00Z",
      "play": 1,
      "theater_hall": 2
    }
  },
  {
    "model": "theatre.performance",
    "pk": 10,
    "fields": {
      "show_time": "2026-05-10T20:00:00Z",
      "play": 4,
      "theater_hall": 1
    }
  },
  {
    "model": "user.user",
    "pk": 1,
    "fields": {
      "password": "pbkdf2_sha256$1200000$oMq7q7hOA0RQOGSyqLMPyI$QuELL5upHmygh3hNXUc7EEqnp+JnSAfLsrPNdlo09IE=",
      "last_login": null,
      "is_superuser": true,
      "first_name": "Admin",
      "last_name": "User",
      "is_staff": true,
      "is_active": true,
      "date_joined": "2026-04-01T08:00:00Z",
      "email": "admin@example.com",
      "groups": [],
      "user_permissions": []
    }
  },
  {
    "model": "user.user",
    "pk": 2,
    "fields": {
      "password": "pbkdf2_sha256$1200000$oMq7q7hOA0RQOGSyqLMPyI$QuELL5upHmygh3hNXUc7EEqnp+JnSAfLsrPNdlo09IE=",
      "last_login": null,
      "is_superuser": false,
      "first_name": "Olena",
      "last_name": "Melnyk",
      "is_staff": false,
      "is_active": true,
      "date_joined": "2026-04-02T09:15:00Z",
      "email": "olena@example.com",
      "groups": [],
      "user_permissions": []
    }
  },
  {
    "model": "user.user",
    "pk": 3,
    "fields": {
      "password": "pbkdf2_sha256$1200000$oMq7q7hOA0RQOGSyqLMPyI$QuELL5upHmygh3hNXUc7EEqnp+JnSAfLsrPNdlo09IE=",
      "last_login": null,
      "is_superuser": false,
      "first_name": "Taras",
      "last_name": "Koval",
      "is_staff": false,
      "is_active": true,
      "date_joined": "2026-04-03T10:30:00Z",
      "email": "taras@example.com",
      "groups": [],
      "user_permissions": []
    }
  },
  {
    "model": "theatre.reservation",
    "pk": 1,
    "fields": {
      "created_at": "2026-04-20T12:00:00Z",
      "user": 2
    }
  },
  {
    "model": "theatre.reservation",
    "pk": 2,
    "fields": {
      "created_at": "2026-04-20T12:30:00Z",
      "user": 3
    }
  },
  {
    "model": "theatre.reservation",
    "pk": 3,
    "fields": {
      "created_at": "2026-04-21T09:45:00Z",
      "user": 2
    }
  },
  {
    "model": "theatre.reservation",
    "pk": 4,
    "fields": {
      "created_at": "2026-04-21T10:00:00Z",
      "user": 3
    }
  },
  {
    "model": "theatre.reservation",
    "pk": 5,
    "fields": {
      "created_at": "2026-04-22T11:15:00Z",
      "user": 2
    }
  },
  {
    "model": "theatre.ticket",
    "pk": 1,
    "fields": {
      "performance": 1,
      "reservation": 1,
      "row": 3,
      "seat": 5
    }
  },
  {
    "model": "theatre.ticket",
    "pk": 2,
    "fields": {
      "performance": 2,
      "reservation": 2,
      "row": 4,
      "seat": 7
    }
  },
  {
    "model": "theatre.ticket",
    "pk": 3,
    "fields": {
      "performance": 3,
      "reservation": 3,
      "row": 2,
      "seat": 9
    }
  },
  {
    "model": "theatre.ticket",
    "pk": 4,
    "fields": {
      "performance": 4,
      "reservation": 4,
      "row": 6,
      "seat": 11
    }
  },
  {
    "model": "theatre.ticket",
    "pk": 5,
    "fields": {
      "performance": 5,
      "reservation": 5,
      "row": 1,
      "seat": 3
    }
  }
]
